Title,Date
"Stranger Things: Season 1: Chapter One: The Vanishing of Will Byers","15/07/2016"
"Stranger Things: Season 1: Chapter Two: The Weirdo on Maple Street","15/07/2016"
"The Crown: Season 1: Wolferton Splash","04/11/2016"
"The Crown: Season 1: Hyde Park Corner","04/11/2016"
"Black Mirror: Season 3: Nosedive","21/10/2016"
"Black Mirror: Season 3: Playtest","21/10/2016"
"Narcos: Season 1: Descenso","28/08/2015"
"Narcos: Season 1: The Sword of Simón Bolívar","28/08/2015"
"BoJack Horseman: Season 1: BoJack Horseman: The BoJack Horseman Story, Chapter One","22/08/2014"
"BoJack Horseman: Season 1: BoJack Hates the Troops","22/08/2014"
"Money Heist: Season 1: Do as Planned","02/05/2017"
"Money Heist: Season 1: Misfire","02/05/2017"
"Orange Is the New Black: Season 1: I Wasn't Ready","11/07/2013"
"Orange Is the New Black: Season 1: Tit Punch","11/07/2013"
"The Witcher: Season 1: The End's Beginning","20/12/2019"
"The Witcher: Season 1: Four Marks","20/12/2019"
"Bridgerton: Season 1: Diamond of the First Water","25/12/2020"
"Bridgerton: Season 1: Shock and Delight","25/12/2020"
"Squid Game: Season 1: Red Light, Green Light","17/09/2021"
"Squid Game: Season 1: Hell","17/09/2021"
"Monk: Season 1: Mr. Monk and the Candidate: Part 2","14/07/2024"
"Monk: Season 1: Mr. Monk and the Candidate: Part 1","14/07/2024"
"A Man on the Inside: The Man Who Knew Too Much About Bridges","24/11/2024"
"A Man on the Inside: Tinker Tailor Older Spy","24/11/2024"
"The Office (U.S.): Season 1: Pilot","27/11/2024"
"The Office (U.S.): Season 1: Diversity Day","29/11/2024"
"The Big Bang Theory: Season 1: The Big Bran Hypothesis","07/12/2024"
"The Big Bang Theory: Season 1: Pilot","07/12/2024"